PES73,AA
PES74,AA
PES75,AA
PES76,AA
PES77,AA
PES78,AA
PES79,AA
PES80,AA
PES81,AA
PES82,AA
PES83,AA
PES84,AA
PES85,AA
PES86,AA
PES87,AA
PES88,AA
PES89,AA
PES90,AA
PES289,EME
PES290,EME
PES291,EME
PES292,EME
PES293,EME
PES294,EME
PES295,EME
PES296,EME
PES297,EME
PES298,EME
PES299,EME
PES300,EME
PES301,EME
PES302,EME
PES303,EME
PES304,EME
PES305,EME
PES306,EME
PES01,DSA
PES02,DSA
PES03,DSA
PES04,DSA
PES05,DSA
PES06,DSA
PES07,DSA
PES08,DSA
PES09,DSA
PES10,DSA
PES11,DSA
PES12,DSA
PES13,DSA
PES14,DSA
PES15,DSA
PES16,DSA
PES17,DSA
PES18,DSA
PES469,PC
PES470,PC
PES471,PC
PES472,PC
PES473,PC
PES474,PC
PES475,PC
PES476,PC
PES477,PC
PES478,PC
PES479,PC
PES480,PC
PES481,PC
PES482,PC
PES483,PC
PES484,PC
PES485,PC
PES486,PC
